objeto,denominacao_objeto,classificacao
20425478,,MATERIAIS
20741049,Projeto CASTILHO Junho 23,SERVIÇOS
20838679,R720 Projeto Santos 16.08,SERVIÇOS
20961486,Projeto Baixada - DEmanda iluminação,MATERIAIS
20979927,Baixa materiais Remod. Baixada,MATERIAIS
21128577,BAIXA DE MATERIAL KM 6+700 A 11+700,MATERIAIS
21161813,BAIXA DE MATERIAL INTERDIÇÃO IQAICB L1,MATERIAIS
21182174,BAIXA DE MATERIAL - INTERDIÇÃO IQAICB L2,MATERIAIS
21209766,BAIXA DE MATERIAL INTERDIÇÃO,MATERIAIS
21270259,R724 Aplic Anti Furto 13.01.24,SERVIÇOS
21270386,BAIXA DE MATERIAL INTERDIÇÃO,MATERIAIS
21283853,R724 APlic. AntiFurto 20.01.24,SERVIÇOS
21288001,R724 Aplic. Antifurto 26.01.24,SERVIÇOS
21289652,R725 Aplic. Ant iFurto 20.01.24,SERVIÇOS
21300020,BAIXA DE DISPOSITIVO ANTIFURTO,MATERIAIS
21300038,BAIXA DE DISPOSITIVO ANTIFURTO,MATERIAIS
21312711,BAIXA DE MATERIAL INTERDIÇÃO ZPGICB L2,MATERIAIS
21313416,BAIXA DE MATERIAL INTERDIÇÃO ZPGICB L2,MATERIAIS
21313566,BAIXA DE MATERIAL INTERDIÇÃO ZPGICB L2,MATERIAIS
21322314,BAIXA DE MATERIAL INTERDIÇÃO ZPG L2,MATERIAIS
21322395,BAIXA DE MATERIAL INTERDIÇÃO ZPG L2,MATERIAIS
21322719,BAIXA DE MATERIAL INTERDIÇÃO ZPG L2,MATERIAIS
21322748,BAIXA DE MATERIAL INTERDIÇÃO ZPG L2,MATERIAIS
21322790,BAIXA DE MATERIAL INTERDIÇÃO ZPG L2,MATERIAIS
21322878,BAIXA DE MATERIAL INTERDIÇÃO ZPG L2,MATERIAIS
21387421,BAIXA DE MATERIAL INTERDIÇÃO ZPGICB L1,MATERIAIS
21390823,BAIXA DE MATERIAL INTERDIÇÃO ZPGICB L1,MATERIAIS
21390837,BAIXA DE MATERIAL INTERDIÇÃO ZPGICB L1,MATERIAIS
21391020,BAIXA DE MATERIAL INTERDIÇÃO ZPGICB L1,MATERIAIS
21391196,BAIXA DE MATERIAL INTERDIÇÃO ZPGICB L1,MATERIAIS
21397983,BAIXA DE MATERIAL INTERDIÇÃO ZPGICB L1,MATERIAIS
21397996,BAIXA DE MATERIAL INTERDIÇÃO ZPGICB L1,MATERIAIS
21398042,BAIXA DE MATERIAL INTERDIÇÃO ZPGICB L1,MATERIAIS
21398210,BAIXA DE DISPOSITIVO ANTIFURTO,MATERIAIS
21400528,BAIXA DE MATERIAL INTERDIÇÃO ZPGICB L1,MATERIAIS
21463049,BAIXA DE MATERIAL INTERDIÇÃO IAA L3,MATERIAIS
21463237,BAIXA DE MATERIAL INTERDIÇÃO IAA L3,MATERIAIS
21466531,BAIXA DE MATERIAL INTERDIÇÃO IAA L3,MATERIAIS
21466581,BAIXA DE MATERIAL INTERDIÇÃO IAA L3,MATERIAIS
21466642,BAIXA DE MATERIAL INTERDIÇÃO IAA L3,MATERIAIS
21466874,BAIXA DE MATERIAL INTERDIÇÃO IAA L3,MATERIAIS
21470330,BAIXA DE MATERIAL INTERDIÇÃO IAA L3,MATERIAIS
21470597,BAIXA DE DISPOSITIVO ANTIFURTO,MATERIAIS
21470601,BAIXA DE MATERIAL INTERDIÇÃO ZPGICB L1,MATERIAIS
21559328,BAIXA DE MATERIAL INTERDIÇÃO IPG,MATERIAIS
21559524,BAIXA DE MATERIAL INTERDIÇÃO IPG,MATERIAIS
21559752,BAIXA DE MATERIAL INTERDIÇÃO IPG,MATERIAIS
21559808,BAIXA DE MATERIAL INTERDIÇÃO IPG,MATERIAIS
21560136,BAIXA DE MATERIAL INTERDIÇÃO IPG,MATERIAIS
21560243,BAIXA DE MATERIAL INTERDIÇÃO IPG,MATERIAIS
21569114,BAIXA DE MATERIAL INTERDIÇÃO IPG,MATERIAIS
21642714,BAIXA DE MATERIAL INTERDIÇÃO IPG,MATERIAIS
21642737,BAIXA DE MATERIAL INTERDIÇÃO IPG,MATERIAIS
21642744,BAIXA DE MATERIAL INTERDIÇÃO IPG,MATERIAIS
21650454,BAIXA DE MATERIAL INTERDIÇÃO IPG,MATERIAIS
21713491,BAIXA DE MATERIAL INTERDIÇÃO,MATERIAIS
21713493,BAIXA DE MATERIAL INTERDIÇÃO,MATERIAIS
21717786,BAIXA DE MATERIAL INTERDIÇÃO,MATERIAIS
21717858,"BAIXA DE MATERIAL INTERDIÇÃO, continua..",MATERIAIS
21725716,BAIXA DE MATERIAL INTERDIÇÃO,MATERIAIS
21725812,BAIXA DE MATERIAL INTERDIÇÃO,MATERIAIS
21725870,BAIXA DE MATERIAL INTERDIÇÃO,MATERIAIS
21802073,BAIXA DE MATERIAL INTERDIÇÃO,MATERIAIS
21802076,BAIXA DE MATERIAL INTERDIÇÃO,MATERIAIS
21802121,BAIXA DE MATERIAL INTERDIÇÃO,MATERIAIS
21802213,BAIXA DE MATERIAL INTERDIÇÃO,MATERIAIS
21811425,BAIXA DE MATERIAL INTERDIÇÃO,MATERIAIS
21811442,BAIXA DE MATERIAL INTERDIÇÃO,MATERIAIS
21817336,BAIXA DE MATERIAL INTERDIÇÃO,MATERIAIS
21817351,BAIXA DE SOLDAS,MATERIAIS
21899869,BAIXA DE MATERIAL INTERDIÇÃO,MATERIAIS
21903728,BAIXA DE MATERIAL - AMVs 204 e 306 (xxx),MATERIAIS
21903784,BAIXA DE MATERIAL INTERDIÇÃO,MATERIAIS
21904141,BAIXA DE MATERIAL INTERDIÇÃO,MATERIAIS
21904158,BAIXA DE MATERIAL INTERDIÇÃO,MATERIAIS
21904206,BAIXA DE MATERIAL - AMVs,MATERIAIS
21912968,BAIXA DE MATERIAL INTERDIÇÃO,MATERIAIS
21912969,BAIXA DE MATERIAL INTERDIÇÃO,MATERIAIS
21931409,BAIXA DE MATERIAL,MATERIAIS
21969151,BAIXA DE MATERIAL INTERDIÇÃO,MATERIAIS
21969174,BAIXA DE MATERIAL INTERDIÇÃO,MATERIAIS
21981087,BAIXA DE MATERIAL,MATERIAIS
21981467,BAIXA DE MATERIAL,MATERIAIS
21981485,BAIXA DE MATERIAL,MATERIAIS
21981542,BAIXA DE MATERIAL - AMV 138,MATERIAIS
21981626,BAIXA DE MATERIAL - AMV 92,MATERIAIS
21984696,BAIXA DE MATERIAL - AMV 138,MATERIAIS
21984746,BAIXA DE MATERIAL - AMV- 94,MATERIAIS
21984923,BAIXA DE MATERIAL,MATERIAIS
21984942,BAIXA DE MATERIAL,MATERIAIS
21997354,BAIXA DE MATERIAL - AMVs,MATERIAIS
21997461,BAIXA DE MATERIAL - AMVs,MATERIAIS
21997465,BAIXA DE MATERIAL,MATERIAIS
22074632,Baixa de Material,MATERIAIS
22074937,Baixa de Material,MATERIAIS
22075282,Baixa de Material,MATERIAIS
22075294,Baixa de Material,MATERIAIS
22075304,Baixa de Material - AMV,MATERIAIS
22077309,Baixa de Material - AMV,MATERIAIS
22077366,Baixa de Material - AMV,MATERIAIS
22077396,Baixa de Material - AMV,MATERIAIS
22077482,Baixa de Material - AMV,MATERIAIS
22077641,Baixa de Material - AMV,MATERIAIS
22085673,Baixa de Material - AMV,MATERIAIS
22085688,Baixa de Material - AMV,MATERIAIS
22116935,Baixa de Material - Areais,MATERIAIS
22117005,Baixa de Material - Areais,MATERIAIS
22117021,Baixa de Material - Areais,MATERIAIS
22117027,Baixa de Material - Areais,MATERIAIS
22119883,Baixa de Material - Areais,MATERIAIS
22136649,Baixa de Material - Trilho - Areais,MATERIAIS
22160464,Baixa de Material - Areais,MATERIAIS
22163478,Baixa de Material - AMV,MATERIAIS
22163514,Baixa de Material - AMV,MATERIAIS
22163861,Baixa de Material - Interdição -Brita,MATERIAIS
22204234,Baixa de Material - Interdição,MATERIAIS
22204255,Baixa de Material - Interdição,MATERIAIS
22204276,Baixa de Material - Interdição,MATERIAIS
22212862,Baixa de Material - AMV,MATERIAIS
22212896,Baixa de Material - AMV,MATERIAIS
22212978,Baixa de Material - Solda,MATERIAIS
22213626,Baixa de Material - Interdição,MATERIAIS
22213659,Baixa de Material - AMV,MATERIAIS
22213672,Baixa de Material - Interdição,MATERIAIS
22213690,Baixa de Material - Interdição - Brita,MATERIAIS
22216695,Baixa de Material - Dormente Pombinho,MATERIAIS
22221762,OS para Baixa de Materiais,MATERIAIS
22222412,OS para Baixa de Materiais,MATERIAIS
22222544,OS para Baixa de Materiais,MATERIAIS
22222816,OS para Baixa de Materiais,MATERIAIS
22227599,Baixa de Material - Trilho,MATERIAIS
22227611,Baixa Materiais - Pombinho,MATERIAIS
22227617,Baixa Material - Pombinho,MATERIAIS
22232760,Baixa de AMV - 30AN,MATERIAIS
22232887,Baixa materiais do AMV 30AN,MATERIAIS
22238566,OS para Baixa de Materiais,MATERIAIS
22239410,BAIXA DE DORMENTE DE REEMPREGO,MATERIAIS
22239439,BAIXA DE DORMENTE DE REEMPREGO,MATERIAIS
22239442,BAIXA DE DORMENTE DE REEMPREGO,MATERIAIS
22239446,BAIXA DE DORMENTE DE REEMPREGO,MATERIAIS
22239512,BAIXA DE DORMENTE DE REEMPREGO,MATERIAIS
22239553,BAIXA DE DORMENTE DE REEMPREGO,MATERIAIS
22239563,BAIXA DE DORMENTE DE REEMPREGO,MATERIAIS
22267046,Baixa de Material - Dormente polímero,MATERIAIS
22304493,Baixa de Materiais - Solda - ZPG,MATERIAIS
22309242,Baixa de Materiais - Dormentes,MATERIAIS
22311711,Baixa de Material - Britas,MATERIAIS
22311719,Baixa de Material - Trilho,MATERIAIS
22311762,Baixa de Material - AMV 48S,MATERIAIS
22311936,Baixa de Material - AMV 48S (2),MATERIAIS
22312110,Baixa de Material - AMV CM10,MATERIAIS
22312559,Baixa de Material - Dormente Polímero,MATERIAIS
22315426,Baixa de Material - Ilha Barnabé,MATERIAIS
22319299,Baixa de Material - IBA,MATERIAIS
22319528,Baixa de Material - AMV 34N,MATERIAIS
22319829,Baixa de Material - ZPG,MATERIAIS
22319840,Baixa de Material - ZPG - Britas,MATERIAIS
22319874,Baixa de Material - IBA - Brita,MATERIAIS
22352231,OS para Baixa de Materiais Baixada Santi,MATERIAIS
22363258,Baixa de Material - DORMENTE CITRIODORA,MATERIAIS
22363265,Baixa de Material - Trilhos IRS,MATERIAIS
22363271,Baixa de Material - Dormentes IRS,MATERIAIS
22363275,Baixa de Material - Britas IRS,MATERIAIS
22363277,Baixa de Material - Trilhos IUF,MATERIAIS
22363294,Baixa de Material - Dormentes IUF,MATERIAIS
22363295,Baixa de Material - Britas IUF,MATERIAIS
22366174,Baixa de Material AMV 30S,MATERIAIS
22366211,Baixa de Material AMV 48N,MATERIAIS
22391045,Baixa de Material - Dormentes,MATERIAIS
22391059,Baixa de Material - Trilho,MATERIAIS
22399692,Baixa de Material AMV 48N,MATERIAIS
22439353,BAIXA DE MATERIAL  -  IUF - L2,MATERIAIS
22439357,BAIXA DE MATERIAL  -  IUF - L2,MATERIAIS
22439367,BAIXA DE MATERIAL  -  IUF - L2,MATERIAIS
22439378,BAIXA DE MATERIAL - IRS - L2 - L4 - L11,MATERIAIS
22439380,BAIXA DE MATERIAL - IRS - L2 - L4 - L11,MATERIAIS
22439387,BAIXA DE MATERIAL - IRS - L2 - L4 - L11,MATERIAIS
22441699,BAIXA DE MATERIAL IRS - L2 - L4 - L11,MATERIAIS
22441709,BAIXA DE MATERIAL - IUF - L2,MATERIAIS
22441988,BAIXA DE MATERIAL -  IRS - L2 - L4 - L11,MATERIAIS
22442194,BAIXA DE MATERIAL - IUF - L2,MATERIAIS
22442231,BAIXA DE MATERIAL - AMV 80 - IPG,MATERIAIS
22463700,BAIXA DE MATERIAL - AMV 80,MATERIAIS
22463873,BAIXA DE MATERIAL - AMV 80,MATERIAIS
22463927,BAIXA DE MATERIAL - AMV  34S,MATERIAIS
22464027,BAIXA DE MATERIAL - AMV 30N,MATERIAIS
22464096,BAIXA DE MATERIAL - AMV 84N,MATERIAIS
22466813,BAIXA DE MATERIAL - DIF,MATERIAIS
22466817,BAIXA DE MATERIAL - DIF,MATERIAIS
22466837,BAIXA DE MATERIAL - AMV 84N,MATERIAIS
22466878,BAIXA DE MATERIAL - AMV 32S,MATERIAIS
22466944,BAIXA DE MATERIAL - AMV 32S,MATERIAIS
22467002,BAIXA DE MATERIAL - AMV 84N,MATERIAIS
22467011,BAIXA DE MATERIAL - AMV 30N,MATERIAIS
22467239,OS para Baixa de Materiais,MATERIAIS
22473780,BAIXA DE MATERIAL - AMV 112,MATERIAIS
22473832,BAIXA DE MATERIAL - AMV CM5,MATERIAIS
22477936,BAIXA DE MATERIAL - AMV CM5,MATERIAIS
22499944,Baixa materiais - Viaduto Aparecida,SERVIÇOS
22514358,Baixa de Trilhos - TIPs,MATERIAIS
22514369,Baixa de Trilhos - ISN,MATERIAIS
22514371,Baixa de Trilhos - IRS,MATERIAIS
22514375,Baixa de Trilhos - ICZ,MATERIAIS
22517129,1º BAIXA LASTRO PINDAMONHANGABA,MATERIAIS
22517149,1ª BAIXA DORMENTES DE AÇO PINDA,MATERIAIS
22524679,"Baixa de Material IRS - L3, L7 e L9 - TR",MATERIAIS
22530322,"Baixa de Material IRS - L3, L7 e L9 - DR",MATERIAIS
22530323,"Baixa de Material IRS - L3, L7 e L9 - BR",MATERIAIS
22543522,Baixa AMV 84S - D1E - 1:10 - IUF - MISTO,MATERIAIS
22543580,Baixa AMV 105 - D1E - 1:10 - IAA - MISTO,MATERIAIS
22548463,Baixa Diferença Abril - IRS,MATERIAIS
22548466,Baixa Diferença Abril - IRS - 2,MATERIAIS
22548469,Baixa Diferença Abril - IPG,MATERIAIS
22548471,Baixa Diferença Abril - IPG - 2,MATERIAIS
22548651,Baixa material - Diferença  Dormente IRS,MATERIAIS
22554029,Baixa material - Diferença  Dormente IPG,MATERIAIS
22559590,"Baixa de Material - Prainha - 1,4KM - DO",MATERIAIS
22559605,"Baixa de Material Prainha 1,4KM Brita",MATERIAIS
22559731,"Baixa de Material Prainha 1,4KM Trilho",MATERIAIS
22560395,BAIXA DE TRILHO - PINDAMONHANGABA,MATERIAIS
22560834,"BAIXA 2 AMVS (331+270,79 E 333+187,391)",MATERIAIS
22561586,BAIXA DE TRILHO,MATERIAIS
22561603,Baixa de Material Prainha AMV 4 D1E,MATERIAIS
22561656,BAIXA AMV 06,MATERIAIS
22561707,BAIXA AMV 01,MATERIAIS
22567983,BAIXA DE LASTRO - INFRA,MATERIAIS
22586510,Baixa de Solda - IPG,MATERIAIS
22589995,Baixa materiais - Interf. Areais EE,SERVIÇOS
22590080,Baixa materiais - Interf. Campo Grande,SERVIÇOS
22596606,Baixa de Solda - IAA - IPG,MATERIAIS
22596610,Baixa de Solda - ICB,MATERIAIS
22596615,Baixa de Solda - IUF,MATERIAIS
22596618,Baixa Soldas - IPG - IAA,MATERIAIS
22596641,Baixa Soldas - ICB - IQA,MATERIAIS
22596644,Baixa Soldas - IRS,MATERIAIS
22596646,"Baixa Material Brita - IRS - L: 1, 2, 5",MATERIAIS
22596650,"Baixa Material Solda - IRS - L: 1, 2, 5",MATERIAIS
22596657,"Baixa Material Dormente -IRS- L: 1, 2, 5",MATERIAIS
22602704,REALOCAÇÃO LUBRIFICAÇÃO SP 2025,SERVIÇOS
22607407,Baixa Maio - Diferença,MATERIAIS
22607413,Baixa Maio - Diferença 2,MATERIAIS
22607416,BAIXA DE TRILHO -,MATERIAIS
22607419,"BAIXA 2 AMVS (331+270,79 E 333+187,391)",MATERIAIS
22607498,Baixa de Material - AMV 5 - IAA,MATERIAIS
22610202,BAIXA DE MATERIAL PINDA,MATERIAIS
22620054,OS para Baixa de Materiais,MATERIAIS
22632447,"Baixa de Material IRS L 1, 2, 5  Arruela",MATERIAIS
22632479,Baixa de Material - Diferenças - Maio,MATERIAIS
22633974,Baixa de Material - AMV 204 - IRS,MATERIAIS
22634225,Baixa de Material - AMV 192S - IRS,MATERIAIS
22634239,OS para Baixa de Materiais Baixada Santi,MATERIAIS
22634797,Baixa de Material - AMV 192N - IRS,MATERIAIS
22639875,BAIXA 204 - IRS - SIMPLES - 1:10,MATERIAIS
22639927,BAIXA DE AMV 192S - IRS,MATERIAIS
22639930,Baixa de Material - AMV 192N - IRS,MATERIAIS
22640007,"Baixa Material Solda - IRS - L: 1, 2, 5",MATERIAIS
22640064,BAIXA AMV 5 - MISTO 1:10 - PRAINHA,MATERIAIS
22650175,Baixa materiais - PI Taubaté,SERVIÇOS
22650176,Baixa materiais - Passarela Taubaté 1,SERVIÇOS
22660043,OS para Baixa de Materiais,MATERIAIS
22697897,Baixa de Material - Pátio Prainha - 1 KM,MATERIAIS
22698018,Baixa de Material - Pátio Prainha - 1 KM,MATERIAIS
22698032,Baixa de Material - Quilombo - Dormente,MATERIAIS
22700696,Baixa de Material - Areais - Dormente,MATERIAIS
22700752,Baixa de Material - Areais - Trilho,MATERIAIS
22700820,Baixa de Material - Areais - Brita,MATERIAIS
22700983,Baixa de Material - Quilombo - Trilho,MATERIAIS
22701042,baixa brita - Vedação Aparecida,SERVIÇOS
22701057,Baixa de Material - IPG/IRS-Dormente L2,MATERIAIS
22701065,Baixa de Material - IPG/IRS - Trilho  L2,MATERIAIS
22701069,Baixa de Material - IPG/IRS - Brita  L2,MATERIAIS
22701077,Baixa de Material - Prainha - Brita,MATERIAIS
22701206,Baixa de Material-Remodelação- AMV56S- 1,MATERIAIS
22701210,Baixa de Material-Remodelação- AMV56S- 2,MATERIAIS
22701247,Baixa materiais EE - Taubaté 2,SERVIÇOS
22704330,Baixa de Material - Remodelação- AMV144N,MATERIAIS
22704675,Baixa de Material - Prainha - AMV 2,MATERIAIS
22704693,Baixa de Material - Prainha - AMV 3,MATERIAIS
22704872,Baixa de Material - Quilombo - AMV 1,MATERIAIS
22704929,Baixa de Material - Quilombo - AMV 4,MATERIAIS
22708041,Baixa de Material - Areais - AMV 6,MATERIAIS
22710062,OS para Baixa de Materiais Baixada Santi,MATERIAIS
22714525,Baixa de Material - Areais - AMV 7,MATERIAIS
22714697,Baixa de Material - Remodelação-  AMV110,MATERIAIS
22714896,BAIXA LASTRO INFRA PÁTIOS,MATERIAIS
22714929,BAIXA LASTRO INFRA PÁTIOS,MATERIAIS
22714938,BAIXA LASTRO INFRA PÁTIOS,MATERIAIS
22761757,Entrega_Pindamonhangaba_Brita,MATERIAIS
22763710,Entrega_Pátio Areais_Brita,MATERIAIS
22763711,Entrega_Pátio Prainha_Brita,MATERIAIS
22763712,Entrega_Pátio Quilombo_Brita,MATERIAIS
22763745,Entrega_Pátio Areais_Trilho+Solda,MATERIAIS
22763747,SOLDAS DIPO,MATERIAIS
22763748,Entrega_Pátio Quilombo_Trilho+Solda,MATERIAIS
22771505,Entrega_Pátio Areais_AMV 8,MATERIAIS
22771607,Entrega_Pátio Areais_Dormentes,MATERIAIS
22774358,Entrega_Pátio Prainha_AMV,MATERIAIS
22774409,Entrega_Pátio Prainha_Dormentes,MATERIAIS
22774571,Entrega_Pátio Quilombo_AMV 3,MATERIAIS
22774575,Entrega_Pátio Quilombo_AMV 2,MATERIAIS
22774789,Entrega_Pátio Quilombo_Dormentes,MATERIAIS
22792599,Baixa materiais EE - interf. Aparecida,MATERIAIS
22795064,BAIXA DE MATERIAL,MATERIAIS
22795372,BAIXA DE MATERIAL,MATERIAIS
22795377,BAIXA DE MATERIAL,MATERIAIS
22795388,BAIXA DE MATERIAL,MATERIAIS
22801471,Entrega_Pátio Pindamonhangaba_Trilho,MATERIAIS
22801495,BAIXA DE LASTRO INFRA,MATERIAIS
22801537,BAIXA LASTRO INFRA,MATERIAIS
22801568,BAIXA DE LASTRO INFRA,MATERIAIS
22801642,Entrega_Pátio Pindamonhangaba_Dormente,MATERIAIS
22801906,,MATERIAIS
22823085,OS para Baixa de Materiais,MATERIAIS
22827025,Baixa AMV 122,MATERIAIS
22833011,BAIXA DE LASTRO INFRA,MATERIAIS
22833174,BAIXA DE LASTRO INFRA,MATERIAIS
22833186,BAIXA DE LASTRO INFRA,MATERIAIS
22833306,Baixa AMV 25P,MATERIAIS
22835921,Baixa AMV 26P,MATERIAIS
22835934,Baixa AMV 28P,MATERIAIS
22836002,Baixa AMV 144S,MATERIAIS
22836145,Baixa AMV 128A,MATERIAIS
22851196,Baixa materiais - Interf Quilombo EE,SERVIÇOS
22854681,"1,353 Km - bitola mista+larga - L12+L10",MATERIAIS
22877628,OS para Baixa de Materiais,MATERIAIS
22877996,BAIXA DE LASTRO INFRA,MATERIAIS
22883203,OS para Baixa de Materiais,MATERIAIS
22883322,Baixa AMV 134N,MATERIAIS
22890915,Baixa materiais - EE Pátio Quilombo,SERVIÇOS
22927857,AMV 1_simples 1:14_ICG,MATERIAIS
22931684,"0,68 Km - bitola mista - L01 Quilombo",MATERIAIS
22931685,"1,097 Km - bitola larga - L10_ISN",MATERIAIS
22969372,Baixa AMV 32N,MATERIAIS
22969547,Baixa AMV 29P,MATERIAIS
22969737,Baixa AMV 4P e 24P,MATERIAIS
22969761,Baixa AMV 98N,MATERIAIS
22969762,Baixa AMV 126,MATERIAIS
22969767,Baixa AMV 96,MATERIAIS
22969769,Baixa AMV 134S,MATERIAIS
22969773,AMV 4_simples 1:14_ICG,MATERIAIS
23014983,Baixa materiais EE - Baixada,MATERIAIS
23025790,AMV 2 e 3_simples 1:14_CG,MATERIAIS
23028342,"0,81 Km - bitola mista - L01 Quil. e IBA",MATERIAIS
23031159,"0,81 Km - bitola mista - L01 Quil. e IBA",MATERIAIS
23031186,"0,81 Km - bitola mista - L01 Quil. e IBA",MATERIAIS
23031268,"0,226 Km - bitola larga - L13 Piaçaguera",MATERIAIS
23031269,"0,226 Km - bitola larga - L13 Piaçaguera",MATERIAIS
23031270,"0,226 Km - bitola larga - L13 Piaçaguera",MATERIAIS
23031305,"bloco novembro- 3,01 Km - L14 ISN+L1 IBA",MATERIAIS
23031693,"bloco novembro- 3,01 Km - L14 ISN+L1 IBA",MATERIAIS
23031698,"bloco dezembro - 1,83 Km - L14 ISN",MATERIAIS
23041408,AMV 1_Travessão Areais_Misto 1:10 E1E,MATERIAIS
23044098,AMV 206 - simples 1:10,MATERIAIS
23044572,AMV CM010A - simples 1:10,MATERIAIS
23048018,Ajuste+solda redução+qt. extra consumida,MATERIAIS
23048254,AMV 98 simples 1:10,MATERIAIS
23048430,AMV 100 simples 1:10,MATERIAIS
23052787,AMV CM3A (303) misto D1D 1:10 AMV novo p,MATERIAIS
23052890,Baixa EE - Interf. Quilombo,SERVIÇOS
23052893,AMV 11 e 12_simples 1:14_CG,MATERIAIS
23053121,"Blocos, previsto 10/2025 +aplicado",MATERIAIS
23053158,Baixa EE - Sin. Prainha,MATERIAIS
23053174,Baixa EE - Sin. Quilombo,SERVIÇOS
23056121,lastro CG 10/2025,MATERIAIS
23057370,AMV 4_misto 1:10_Travessão de Areais,MATERIAIS
23057567,AMV 1 e 2_simples 1:14 Aparecida,MATERIAIS
23070545,BDA 507 - PN IRMÃ DOLORES,SERVIÇOS
23070584,BDA 508 - PN OSCARLINO M. TEIXEIRA,SERVIÇOS
23085942,SOLDA ALUMINOTÉRMICA,SERVIÇOS
23086100,SOLDA ALUMINOTÉRMICA,SERVIÇOS
23086323,SOLDA ALUMINOTÉRMICA,SERVIÇOS
23086326,SOLDA ALUMINOTÉRMICA,SERVIÇOS
23113805,Dormentes emplacados,MATERIAIS
23126148,Linha corrida_aço,MATERIAIS
23130336,Brita,MATERIAIS
23130339,Trilho,MATERIAIS
23130565,AMV 5 e 6_simples 1:14_CG,MATERIAIS
23132022,Brita,MATERIAIS
23132049,Trilhos,MATERIAIS
23132050,Blocos 11/2025,MATERIAIS
23132067,AMV 2_misto 1:10_Travessão de Areais,MATERIAIS
23132150,AMV 3_misto 1:10_Travessão de Areais,MATERIAIS
23132151,Blocos Jurubatuba 11/2025,MATERIAIS
23134212,"bloco dezembro - 0,12 Km - L13 IPG",MATERIAIS
23134214,"bloco novembro - 3,01 Km - L14 ISN (1,93",MATERIAIS
23134215,"bloco novembro - 3,01 Km - L14 ISN (1,93",MATERIAIS
23135193,"bloco novembro - 3,01 Km - L14 ISN (1,93",MATERIAIS
23135195,"bloco novembro - 3,01 Km - L14 ISN (1,93",MATERIAIS
23135247,AMV 26N_misto 1:14 D1E,MATERIAIS
23135256,AMV 28S_misto 1:14 E1D,MATERIAIS
23135257,AMV 28N_misto 1:14 E1E,MATERIAIS
23135259,AMV 26S_misto 1:14 D1D,MATERIAIS
23135281,AMV 101=30B_misto 1:10 E1E,MATERIAIS
23135282,AMV 90_misto 1:10 E1D,MATERIAIS
23135286,AMV 300_misto 1:14 E1D,MATERIAIS
23135287,AMV 102_misto 1:10 D1D,MATERIAIS
23135288,Bica corrida e rachão,MATERIAIS
23135290,Blocos janeiro 2026_1 Km ISN,MATERIAIS
23135291,"Blocos janeiro 2026_2,65 Km Túnel",MATERIAIS
23135292,Blocos Fevereiro 2026_1 Km IFA,MATERIAIS
23147596,SOLDA ELÉTRICA - DIPO,SERVIÇOS
23149160,SOLDA ELÉTRICA - DIPO,SERVIÇOS
23152662,SOLDA ELÉTRICA - DIPO CAMPO GRANDE,SERVIÇOS
23152867,SOLDA ELÉTRICA - DIPO CAMPO GRANDE,SERVIÇOS
23152911,SOLDA ELÉTRICA - DIPO CAMPO GRANDE,SERVIÇOS
23152916,SOLDA ELÉTRICA - DIPO CAMPO GRANDE,SERVIÇOS
23153002,SOLDA ELÉTRICA - DIPO CAMPO GRANDE,SERVIÇOS
23153005,SOLDA ELÉTRICA - DIPO CAMPO GRANDE,SERVIÇOS
23153038,SOLDA ELÉTRICA - DIPO CAMPO GRANDE,SERVIÇOS
23153046,SOLDA ELÉTRICA - DIPO CAMPO GRANDE,SERVIÇOS
23153081,SOLDA ELÉTRICA - DIPO CAMPO GRANDE,SERVIÇOS
23153089,SOLDA ELÉTRICA - DIPO CAMPO GRANDE,SERVIÇOS
23153099,SOLDA ELÉTRICA - DIPO CAMPO GRANDE,SERVIÇOS
23153185,SOLDA ELÉTRICA DIPO CAMPO GRANDE,SERVIÇOS
23153188,SOLDA ELÉTRICA DIPO CAMPO GRANDE,SERVIÇOS
23153189,SOLDA ELÉTRICA DIPO CAMPO GRANDE,SERVIÇOS
23153240,SOLDA ELÉTRICA DIPO CAMPO GRANDE,SERVIÇOS
23153241,SOLDA ELÉTRICA DIPO CAMPO GRANDE,SERVIÇOS
23153242,SOLDA ELÉTRICA DIPO CAMPO GRANDE,SERVIÇOS
23153244,SOLDA ELÉTRICA DIPO CAMPO GRANDE,SERVIÇOS
23153246,SOLDA ELÉTRICA DIPO CAMPO GRANDE,SERVIÇOS
23153308,SOLDA ELÉTRICA DIPO CAMPO GRANDE,SERVIÇOS
23167591,Baixa materiais EE - Interf. São Bento,SERVIÇOS
23168583,SOLDA ALUMINOTÉRMICA,SERVIÇOS
23173766,BAIXA LASTRO INFRA,MATERIAIS
23173875,Blocos montados 12/2025,MATERIAIS
23173893,Brita 11 e 12/2025,MATERIAIS
23173894,blocos montados 12/2025,MATERIAIS
23173895,blocos montados 11/2025,MATERIAIS
23177284,SOLDA ALUMINOTÉRMICA,SERVIÇOS
23180070,SOLDA ALUMINOTÉRMICA,SERVIÇOS
23180072,SOLDA ALUMINOTÉRMICA,SERVIÇOS
23183724,Blocos Jurubatuba 12/2025,MATERIAIS
23184159,Baixa materiais EE - Pátio Aparecida,SERVIÇOS
23184183,AMV 86_misto 1:10,MATERIAIS
23184340,AMVs 196 e 198_simples 1:10,MATERIAIS
23184430,AMV 174_simples 1:10,MATERIAIS
23192993,AMV 103 misto 1:10,MATERIAIS
23193225,AMV 33 misto 1:10,MATERIAIS
23193237,AMV 21 misto 1:10,MATERIAIS
23193293,"blocos fevereiro 2026 - 1,38 L6 IPG",MATERIAIS
23193299,AMV 3 misto 1:14 Jurubatuba,MATERIAIS
23197089,"bloco dezembro - 2,26 Km - L14 ISN",MATERIAIS
23197433,Acerto estoque fisico x sistema_AMV & co,MATERIAIS
23197868,"blocos fevereiro 2026 - 0,3 L16 IPG larg",MATERIAIS
23197871,"blocos fevereiro 2026 - 2,89 L6 ISN larg",MATERIAIS
23197974,"blocos março 2026 - 0,3 L16 IPG larga",MATERIAIS
23206347,AMV 22N misto 1:14,MATERIAIS
23206391,AMV 24N misto 1:!4,MATERIAIS
23206497,AMV 22S misto 1:14,MATERIAIS
23206637,baixa trilho chinês_meta 2025 + meta fev,MATERIAIS
23206669,SOLDA ALUMINOTÉRMICA,SERVIÇOS
23210532,AMV 4 misto 1:14 jurubatuba,MATERIAIS
23210659,AMV simples 1:10 Campo Grande,MATERIAIS
23211928,"Fisico x sistema 100%, final obra",MATERIAIS
23211933,"Fisico x sistema 100%, final obra",MATERIAIS
23211936,"Fisico x sistema 100%, final obra",MATERIAIS
23286589,Baixa materiais EE - SIN Campo Grande,MATERIAIS
23286976,"blocos março 2026 - 3,25 L1 IFA - MF-RFA",MATERIAIS
23292969,AMV 22 misto 1:10,MATERIAIS
23293192,AMV 5P simples 1:10,MATERIAIS
23293395,bloco dezembro trilho isn,MATERIAIS
23293447,bloco dezembro trilho ipg,MATERIAIS
23293496,bloco janeiro trilho,MATERIAIS
23293660,bloco janeiro brita,MATERIAIS
23297734,Lastro Aparecida,MATERIAIS
23353074,Ajuste de estoque conforme sobras física,MATERIAIS
23360161,Acerto estoque fisico x sistema_CG lastr,MATERIAIS
23360468,Ajuste de estoque conforme sobras física,MATERIAIS
23360624,AMVs 27P e 16P_simples 1:10,MATERIAIS
23364991,AMV 3P misto 1:10,MATERIAIS
23365028,AMV 5 misto 1:10,MATERIAIS
23365096,"Bloco abril - demanda 2.0 - 0,55 Km IFA",MATERIAIS
23365939,"Bloco abril - demanda 2.0 - 0,45 Km L13",MATERIAIS
23366463,"Bloco abril - demanda 2.0 - 0,37 Km ICZ",MATERIAIS
23366465,Bloco abril - demanda 2.0 - IFA + ICZ,MATERIAIS
23366467,Bloco abril - demanda 2.0 - IPG,MATERIAIS
23366470,"Bloco maio - demanda 2.0 - 0,55 Km IFA",MATERIAIS
23366475,"Bloco maio - demanda 2.0 - 0,37 Km ICZ",MATERIAIS
23368011,"Bloco maio - demanda 2.0 - 1,05 Km L6 IP",MATERIAIS
23368013,"Bloco maio - demanda 2.0 - 1,05 Km L6 IP",MATERIAIS
23368014,Bloco maio - demanda 2.0 - IFA + ICZ,MATERIAIS
23368015,"Bloco maio - demanda 2.0 - 0,22 de 0,3 K",MATERIAIS
23368016,"Bloco maio - demanda 2.0 - 0,22 de 0,3 L",MATERIAIS
23368018,JICs Fevereiro+Março+Abril 2026,MATERIAIS
23387574,Reajuste PRUMO período de abril a novemb,SERVIÇOS
23397277,"Bloco junho - demanda 2.0 - 1,2 L2 IQA/I",MATERIAIS
23397424,bloco fevereiro brita,MATERIAIS
23397428,bloco 2.0 março brita,MATERIAIS
23406487,Baixa dos carregadores dos rádios!,SERVIÇOS
23416410,AMV 218_misto 1:10,MATERIAIS
23416650,AMVs 222 e 224_misto 1:10 E1E,MATERIAIS
23426359,Blocos Jurubatuba 11/2025,MATERIAIS
23426560,Blocos Jurubatuba 12/2025,MATERIAIS
23428933,AMV 101 misto 1:14,MATERIAIS
23429003,"AMVs 202, 200 e 210 simples 1:10",MATERIAIS
23446145,AMV 172 simples 1:10,MATERIAIS
23446198,AMV X2 misto 1:10,MATERIAIS
23464555,BDA 078 - PN OSCARLINO M. TEIXEIRA,SERVIÇOS
23505033,SOLDA BOM JIC,SERVIÇOS
23518313,AMV 214 simples 1:10,MATERIAIS
23518315,AMV 212 simples 1:10,MATERIAIS
23518317,AMV 216 simples 1:10,MATERIAIS
23518318,AMV 220 simples 1:10,MATERIAIS
23521370,pendência da barra extra pega com a manu,MATERIAIS
23522332,AMV X3 simples 1:14,MATERIAIS
23525838,"Bloco junho - demanda 2.0 - 0,9 L1 JUB",MATERIAIS
23525920,"Bloco junho - demanda 2.0 - 0,55 IFA",MATERIAIS
23526167,"Bloco julho - demanda 2.0 - 0,9 L1 JUB",MATERIAIS
23526249,"Bloco julho - demanda 2.0 - 0,55 IFA",MATERIAIS
23526254,"Bloco julho - demanda 2.0 - 0,2 L1 Usimi",MATERIAIS
23526552,AMVs 1 e 2 mistos 1:14 + jacaré D1D para,MATERIAIS
23530031,Baixa de Material EE - Campo Grande,MATERIAIS
23530346,AMV 1 misto 1:14 Jurubatuba,MATERIAIS
23536661,R721 SUBSTITUIÇÃO DE JIC 05/05,SERVIÇOS
23540774,BDA 139 - PN LIGAÇÃO ESTRADA CIDADE ALTA,SERVIÇOS
23591185,AMV 82 1:10 E1D,MATERIAIS
23595219,AMV 38N 1:10 E1D,MATERIAIS
23595351,AMV 40S 1:10 D1E,MATERIAIS
23595581,AMV 3 1:14 D1E,MATERIAIS
23595788,AMV 103 1:14 E1E,MATERIAIS
23598923,AMV 2 1:14 D1D Jurubatuba,MATERIAIS
23599909,AMV 60 E1D 1:14 + jacaré E1E,MATERIAIS
23601976,AMV 70 E1E 1:10,MATERIAIS
23602357,AMV 40N D1D 1:10,MATERIAIS
23602431,AMV 128 simples 1:14,MATERIAIS
23602500,Baixa de Material - Pátio de Lorena,MATERIAIS
23602608,AMV 130 simples 1:14,MATERIAIS
23605588,AMV 132 simples 1:14,MATERIAIS
23605624,AMV 160 simples 1:10,MATERIAIS
23605663,AMV 162 simples 1:10,MATERIAIS
23605765,AMV 164 simples 1:10,MATERIAIS
23605973,AMV 166 simples 1:10,MATERIAIS
23606514,AMV 170 simples 1:10,MATERIAIS
23606531,AMV 168 simples 1:10,MATERIAIS
23606554,AMV 154N simples 1:10,MATERIAIS
23606686,AMV 154S simples 1:10,MATERIAIS
23606708,"Bloco julho - demanda 2.0 - 1,2 L4 Santo",MATERIAIS
23606717,"Bloco julho - demanda 2.0 -  0,9 JUR",MATERIAIS
23610216,Bloco abril - demanda 2.0 - brita,MATERIAIS
23610241,Bloco maio - demanda 2.0 - brita,MATERIAIS
23610242,AMVs 198 e 200 simples 1:10,MATERIAIS
23615786,BAIXA DE LASTRO INFRA,MATERIAIS
23617575,BAIXA LASTRO INFRA,MATERIAIS
23627052,BDA 167 - PN LIGAÇÃO ESTRADA CIDADE ALTA,SERVIÇOS
23674324,Ajuste de baixa conforme aplicação no tr,MATERIAIS
23676484,Bloco junho - demanda 2.0 - trilho+solda,MATERIAIS
23676546,Ajuste de baixas com foco no PEP de Tril,MATERIAIS
23681702,Pombinho P4 - remodelação,MATERIAIS
23681718,ATV - Remodelação,MATERIAIS
23681838,Ajuste de baixa - pendência,MATERIAIS
23681925,Ajuste de baixas com foco no PEP de AMVs,MATERIAIS
23685083,BDA 230 - PN KM287+300,SERVIÇOS
23685090,BDA 229 - PN KM287+300,SERVIÇOS
23685108,BDA 228 - PN KM287+300,SERVIÇOS
23685734,Baixa de lastro Infra,MATERIAIS
23685741,Baixa de lastro Infra,MATERIAIS
23685786,Bloco junho - demanda 2.0 - brita,MATERIAIS
23685787,Ajuste de baixa,MATERIAIS
23688871,BDA 232 - PN KM287+300,SERVIÇOS
23722597,BAIXA LASTRO INFRA,MATERIAIS
23722609,BAIXA LASTRO INFRA,MATERIAIS
23736310,BAIXA DE LASTRO INFRA,MATERIAIS
5000084 0010,IPTSP,CUSTOS DO PROPRIETÁRIO
5000084 0020,IPTENG,CUSTOS DO PROPRIETÁRIO
5000100 0010,IPTSP,CUSTOS DO PROPRIETÁRIO
5000100 0020,IPTENG,CUSTOS DO PROPRIETÁRIO
5000100 0030,CTCFE067,CUSTOS DO PROPRIETÁRIO
5000100 0040,CTCFE223,CUSTOS DO PROPRIETÁRIO
5000125 0010,IPTSP,CUSTOS DO PROPRIETÁRIO
5000125 0020,IPTENG,CUSTOS DO PROPRIETÁRIO
5000128 0010,IPTSP,CUSTOS DO PROPRIETÁRIO
5000128 0020,IPTENG,CUSTOS DO PROPRIETÁRIO
5000128 0030,CTCFE067,CUSTOS DO PROPRIETÁRIO
5000128 0040,CTCFE223,CUSTOS DO PROPRIETÁRIO
5000128 0050,CTCFE204,CUSTOS DO PROPRIETÁRIO
5000129 0010,IPTSP,CUSTOS DO PROPRIETÁRIO
5000129 0020,IPTENG,CUSTOS DO PROPRIETÁRIO
5000129 0030,CTCFE223,CUSTOS DO PROPRIETÁRIO
5000130 0010,IPTSP,CUSTOS DO PROPRIETÁRIO
5000130 0020,IPTENG,CUSTOS DO PROPRIETÁRIO
5000131 0010,IPTENG,CUSTOS DO PROPRIETÁRIO
5000131 0020,CTCFE223,CUSTOS DO PROPRIETÁRIO
5000131 0030,IPTSP,CUSTOS DO PROPRIETÁRIO
5000132 0010,IPTSP,CUSTOS DO PROPRIETÁRIO
5000132 0020,IPTENG,CUSTOS DO PROPRIETÁRIO
5000145 0010,IPTMGRJ,CUSTOS DO PROPRIETÁRIO
5000145 0020,IPTENG,CUSTOS DO PROPRIETÁRIO
5000151 0010,IPTSP,CUSTOS DO PROPRIETÁRIO
5000151 0020,IPTENG,CUSTOS DO PROPRIETÁRIO
5000151 0030,CTCFE067,CUSTOS DO PROPRIETÁRIO
5000151 0040,CTCFE223,CUSTOS DO PROPRIETÁRIO
5000151 0050,CTCFE204,CUSTOS DO PROPRIETÁRIO
5000214 0010,IPTSMU,CUSTOS DO PROPRIETÁRIO
5000214 0020,IPTENG,CUSTOS DO PROPRIETÁRIO
5000214 0030,IPTSMU,CUSTOS DO PROPRIETÁRIO
5000214 0040,CTCFE067,CUSTOS DO PROPRIETÁRIO
5000214 0050,IPTSP,CUSTOS DO PROPRIETÁRIO
5000295 0010,IPTSMU,CUSTOS DO PROPRIETÁRIO
5000295 0020,IPTENG,CUSTOS DO PROPRIETÁRIO
5000295 0030,IPTSP,CUSTOS DO PROPRIETÁRIO
5000320 0010,IPTSMU,CUSTOS DO PROPRIETÁRIO
5000320 0020,IPTENG,CUSTOS DO PROPRIETÁRIO
5000320 0030,IPTSP,CUSTOS DO PROPRIETÁRIO
5000354 0010,IPTSP,CUSTOS DO PROPRIETÁRIO
5000354 0020,IPTENG,CUSTOS DO PROPRIETÁRIO
5000355 0010,IPTSP,CUSTOS DO PROPRIETÁRIO
5000355 0020,IPTENG,CUSTOS DO PROPRIETÁRIO
5000356 0010,IPTSP,CUSTOS DO PROPRIETÁRIO
5000356 0020,IPTENG,CUSTOS DO PROPRIETÁRIO
5000360 0010,IPTSMU,CUSTOS DO PROPRIETÁRIO
5000360 0020,IPTENG,CUSTOS DO PROPRIETÁRIO
5000360 0030,IPTSP,CUSTOS DO PROPRIETÁRIO
5000385 0010,IPTSMU,CUSTOS DO PROPRIETÁRIO
5000385 0020,IPTENG,CUSTOS DO PROPRIETÁRIO
5000385 0040,IPTSP,CUSTOS DO PROPRIETÁRIO
5000385 0060,CTCFE224,CUSTOS DO PROPRIETÁRIO
5000386 0010,IPTSMU,CUSTOS DO PROPRIETÁRIO
5000386 0020,IPTSP,CUSTOS DO PROPRIETÁRIO
5000386 0030,IPTENG,CUSTOS DO PROPRIETÁRIO
5000388 0010,IPTSP,CUSTOS DO PROPRIETÁRIO
5000388 0020,IPTENG,CUSTOS DO PROPRIETÁRIO
5000388 0030,CTCFE223,CUSTOS DO PROPRIETÁRIO
5000400 0010,IPTSP,CUSTOS DO PROPRIETÁRIO
5000400 0020,IPTENG,CUSTOS DO PROPRIETÁRIO
5000400 0030,CTCFE067,CUSTOS DO PROPRIETÁRIO
5000400 0040,CTCFE204,CUSTOS DO PROPRIETÁRIO
5000420 0010,IPTSP,CUSTOS DO PROPRIETÁRIO
5000420 0020,IPTENG,CUSTOS DO PROPRIETÁRIO
5000461 0010,IPTSP,CUSTOS DO PROPRIETÁRIO
5000461 0020,IPTENG,CUSTOS DO PROPRIETÁRIO
5000461 0030,CTCFE067,CUSTOS DO PROPRIETÁRIO
5000461 0050,CTCFE204,CUSTOS DO PROPRIETÁRIO
5000502 0010,IPTSMU,CUSTOS DO PROPRIETÁRIO
5000502 0020,IPTENG,CUSTOS DO PROPRIETÁRIO
5000502 0030,IPTSP,CUSTOS DO PROPRIETÁRIO
5000502 0040,CTCFE224,CUSTOS DO PROPRIETÁRIO
5000504 0010,IPTSP,CUSTOS DO PROPRIETÁRIO
5000504 0020,IPTENG,CUSTOS DO PROPRIETÁRIO
5000504 0030,CTCFE069,CUSTOS DO PROPRIETÁRIO
5000504 0050,CTCFE204,CUSTOS DO PROPRIETÁRIO
5000508 0010,IPTSP,CUSTOS DO PROPRIETÁRIO
5000508 0020,IPTENG,CUSTOS DO PROPRIETÁRIO
5000526 0010,IPTSP,CUSTOS DO PROPRIETÁRIO
5000526 0020,CTCFE223,CUSTOS DO PROPRIETÁRIO
5000526 IP,IPTENG,CUSTOS DO PROPRIETÁRIO
5000544 0010,IPTSMU,CUSTOS DO PROPRIETÁRIO
5000544 0020,IPTENG,CUSTOS DO PROPRIETÁRIO
5000544 0030,IPTSP,CUSTOS DO PROPRIETÁRIO
5000571 0010,IPTSP,CUSTOS DO PROPRIETÁRIO
5000583 0010,IPTMGRJ,CUSTOS DO PROPRIETÁRIO
5000583 0020,IPTSMU,CUSTOS DO PROPRIETÁRIO
5000583 0030,IPTENG,CUSTOS DO PROPRIETÁRIO
5000583 0040,CTCFE224,CUSTOS DO PROPRIETÁRIO
5000645 0010,IPTSP,CUSTOS DO PROPRIETÁRIO
5000664 0010,IPTMGRJ,CUSTOS DO PROPRIETÁRIO
5000664 0020,CTCFE223,CUSTOS DO PROPRIETÁRIO
5000664 0030,IPTSMU,CUSTOS DO PROPRIETÁRIO
5000664 0040,IPTENG,CUSTOS DO PROPRIETÁRIO
5000664 0050,CTCFE224,CUSTOS DO PROPRIETÁRIO
5000673 0010,IPTENG,CUSTOS DO PROPRIETÁRIO
5000720 0010,IPTSP,CUSTOS DO PROPRIETÁRIO
5000720 0020,IPTENG,CUSTOS DO PROPRIETÁRIO
5000720 0030,CTCFE067,CUSTOS DO PROPRIETÁRIO
5000720 0040,CTCFE204,CUSTOS DO PROPRIETÁRIO
5000721 0010,IPTSP,CUSTOS DO PROPRIETÁRIO
5000721 0020,IPTENG,CUSTOS DO PROPRIETÁRIO
5000721 0030,CTCFE067,CUSTOS DO PROPRIETÁRIO
5000721 0040,CTCFE204,CUSTOS DO PROPRIETÁRIO
5000722 0010,IPTSP,CUSTOS DO PROPRIETÁRIO
5000722 0020,IPTENG,CUSTOS DO PROPRIETÁRIO
5000722 0030,CTCFE067,CUSTOS DO PROPRIETÁRIO
5000723 0010,CTCFE204,CUSTOS DO PROPRIETÁRIO
5000723 0020,IPTSP,CUSTOS DO PROPRIETÁRIO
5000723 0040,IPTENG,CUSTOS DO PROPRIETÁRIO
5000723 0050,CTCFE067,CUSTOS DO PROPRIETÁRIO
5000766 0010,IPTMGRJ,CUSTOS DO PROPRIETÁRIO
5000766 0020,IPTSMU,CUSTOS DO PROPRIETÁRIO
5000766 0040,CTCFE223,CUSTOS DO PROPRIETÁRIO
5000788 0010,IPTSP,CUSTOS DO PROPRIETÁRIO
5000788 0020,IPTENG,CUSTOS DO PROPRIETÁRIO
5000788 0030,CTCFE223,CUSTOS DO PROPRIETÁRIO
5000789 0010,CTCFE224,CUSTOS DO PROPRIETÁRIO
DM/21973C-01,Mão de Obra,CUSTOS DO PROPRIETÁRIO
DM/21973C-02-02,9VIK05 - Pátio Jurubatuba,RATEIOS
DM/21973C-04-01,Projeto básico 2023,ENGENHARIA
DM/21973C-05-01,Projeto executivo 2023,ENGENHARIA
DM/21973C-05-02,Custos Indiretos 2023,INDIRETOS MRS
DM/21973C-05-03,SMA 2023,SMA
DM/21973C-06-01-01,Desapropriações,FUNDIÁRIO_RI_REGULATÓRIO
DM/21973C-06-04,AMVs,MATERIAIS
DM/21973C-06-06,Pátio Serviços de Execução,SERVIÇOS
DM/21973C-06-07,Gerenciamento / Fiscalização,INDIRETOS MRS
DM/21973C-06-08,Estoque - Obra,SERVIÇOS
DM/21973C-06-10,ATO (Apoio Técnico de Obra),INDIRETOS MRS
DM/21973C-06-11-01,Execução Superestrutura,SERVIÇOS
DM/21973C-06-14,Equipamentos de Suporte,EQUIPAMENTOS
DM/21973C-06-94,OE e Serviços,OWNER'S ENGINEERING
DM/21973C-80,Viagem,VIAGEM
DM/21973C-97,Provisão,CUSTOS DO PROPRIETÁRIO
DM/21973C-99-01,Capitalização de juros - IEA,CAPITALIZAÇÃO
DM/21974C-01,Mão de Obra,CUSTOS DO PROPRIETÁRIO
DM/21974C-05-01,Projeto executivo 2023,ENGENHARIA
DM/21974C-05-02,Custos Indiretos 2023,INDIRETOS MRS
DM/21974C-05-03,SMA 2023,SMA
DM/21974C-06-06,Pátio Serviços de Execução,SERVIÇOS
DM/21974C-06-07,Gerenciamento / Fiscalização,INDIRETOS MRS
DM/21974C-06-10,ATO (Apoio Técnico de Obra),INDIRETOS MRS
DM/21974C-06-11-01,Execução Superestrutura,SERVIÇOS
DM/21974C-06-12-02,Interferências EE,SERVIÇOS
DM/21974C-06-94,OE e Serviços,OWNER'S ENGINEERING
DM/21974C-80,Viagem,VIAGEM
DM/21974C-97,Provisão,CUSTOS DO PROPRIETÁRIO
DM/21974C-99-01-01,Capitalização de juros - IEA 2,CAPITALIZAÇÃO
DM/22611C-01,Mão de Obra,CUSTOS DO PROPRIETÁRIO
DM/22611C-03-01-01,INFRA_SUPER,ENGENHARIA
DM/22611C-04-01,SMA 2023,SMA
DM/22611C-05-01-01,INFRA_SUPER,ENGENHARIA
DM/22611C-05-94,OE e Serviços,OWNER'S ENGINEERING
DM/22611C-06-02-02,Interferências Terceiros,SERVIÇOS
DM/22611C-80,Viagem,VIAGEM
DM/22611C-99-01,Capitalização de juros - IEA,CAPITALIZAÇÃO
DM/22615C-03-01-01,INFRA_SUPER,ENGENHARIA
DM/22615C-04-01,SMA 2023,SMA
DM/22615C-05-01-01,INFRA_SUPER,ENGENHARIA
DM/22615C-06-02,Serviços de Execução,SERVIÇOS
DM/22615C-06-03,Gerenciamento / Fiscalização,INDIRETOS MRS
DM/22615C-80,Viagem,VIAGEM
DM/22616C-03-01,Projeto conceitual,ENGENHARIA
DM/22616C-04-01,SMA 2023,SMA
DM/22616C-05-01,Projeto executivo,ENGENHARIA
DM/22616C-05-94,OE e Serviços,OWNER'S ENGINEERING
DM/22616C-06-01,Serviços,SERVIÇOS
DM/22616C-06-03-01,Gerenciamento/Fiscalização,INDIRETOS MRS
DM/22616C-99-01,Capitalização de juros - IEA,CAPITALIZAÇÃO
DM/22620C-01,Mão de Obra,CUSTOS DO PROPRIETÁRIO
DM/22620C-03-01,Projeto conceitual,ENGENHARIA
DM/22620C-04-01,SMA 2023,SMA
DM/22620C-05-01,Projeto executivo,ENGENHARIA
DM/22620C-06-01,Serviços - Passarela km 345+183,SERVIÇOS
DM/22620C-06-02,Indiretos MRS,INDIRETOS MRS
DM/22620C-06-04,Compra dos Terrenos,FUNDIÁRIO_RI_REGULATÓRIO
DM/22620C-06-04-01,Desapropriações,FUNDIÁRIO_RI_REGULATÓRIO
DM/22620C-06-07,Serviços - Passarela km 343+408,SERVIÇOS
DM/22620C-06-08,Gerenciamento/Fiscalização,INDIRETOS MRS
DM/22620C-06-09-02,Interferências EE,SERVIÇOS
DM/22620C-06-09-02-01,Interferências EE - Passarela km 345+183,SERVIÇOS
DM/22620C-06-09-02-02,Interferências EE - Passarela km 343+408,SERVIÇOS
DM/22620C-80,Viagem,VIAGEM
DM/22620C-99-01,Capitalização de juros - IEA,CAPITALIZAÇÃO
DM/22631C-03-01,Projeto conceitual,ENGENHARIA
DM/22631C-04-01,SMA 2023,SMA
DM/22631C-05-01,Projeto executivo,ENGENHARIA
DM/22631C-05-94,OE e Serviços,OWNER'S ENGINEERING
DM/22631C-06-01,Serviços,SERVIÇOS
DM/22631C-06-07-02,Interferências EE,SERVIÇOS
DM/22631C-80,Viagem,VIAGEM
DM/22631C-99-01,Capitalização de juros - IEA,CAPITALIZAÇÃO
DM/22636C-06-01,Execução das Obras,SERVIÇOS
DM/22636C-06-02,Fiscalização / Gerenciamento,INDIRETOS MRS
DM/22639C-06-01,Execução das Obras,SERVIÇOS
DM/22639C-06-02,Fiscalização / Gerenciamento,INDIRETOS MRS
DM/22645C-01,Mão de Obra,CUSTOS DO PROPRIETÁRIO
DM/22645C-04-02,SMA 2023,SMA
DM/22645C-04-03,Diretos MRS 2023,ENGENHARIA
DM/22645C-05-01,Projeto executivo 2023,ENGENHARIA
DM/22645C-06-01,Compra dos terrenos 2023,FUNDIÁRIO_RI_REGULATÓRIO
DM/22645C-06-01-01,Desapropriações,FUNDIÁRIO_RI_REGULATÓRIO
DM/22645C-06-02,Indiretos MRS 2023,INDIRETOS MRS
DM/22645C-06-03,Serviços,SERVIÇOS
DM/22645C-06-04,Aquisição de itens IMOB/ZIMO - Rádios,SERVIÇOS
DM/22645C-06-07-01,Interferências Terceiros,SERVIÇOS
DM/22645C-06-07-02,Interferências EE,SERVIÇOS
DM/22645C-06-08-01,Gerenciamento/Fiscalização,INDIRETOS MRS
DM/22645C-06-94,OE e Serviços,OWNER'S ENGINEERING
DM/22645C-80,Viagem,VIAGEM
DM/22645C-97,Provisão,CUSTOS DO PROPRIETÁRIO
DM/22645C-99-01,Capitalização de juros - IEA,CAPITALIZAÇÃO
DM/22648C-05-01-01,INFRA_SUPER,ENGENHARIA
DM/22648C-06-01,Obras - Viaduto de Cubatão,SERVIÇOS
DM/22648C-06-04,SMA,SMA
DM/22648C-06-06,ATO (Apoio Técnico de Obra),INDIRETOS MRS
DM/22648C-06-07,Gerenciamento / Fiscalização,INDIRETOS MRS
DM/22648C-06-94,OE e Serviços,OWNER'S ENGINEERING
DM/22648C-99-01,Capitalização de Juros IEA,CAPITALIZAÇÃO
DM/22649C-03-01,Projeto conceitual,ENGENHARIA
DM/22649C-04-01,SMA 2023,SMA
DM/22649C-06-02-02,Interferências Terceiros,SERVIÇOS
DM/22649C-99-01,Capitalização de juros - IEA,CAPITALIZAÇÃO
DM/22650C-01,Mão de Obra,CUSTOS DO PROPRIETÁRIO
DM/22650C-03-01,Projeto conceitual,ENGENHARIA
DM/22650C-04-01,SMA 2023,SMA
DM/22650C-04-02,Projeto básico,ENGENHARIA
DM/22650C-04-03,Sondagem,ENGENHARIA
DM/22650C-04-94,OE e Serviços,OWNER'S ENGINEERING
DM/22650C-05-01,Projeto executivo,ENGENHARIA
DM/22650C-05-94,OE e Serviços,OWNER'S ENGINEERING
DM/22650C-06-02,Indiretos MRS,INDIRETOS MRS
DM/22650C-06-04,Compra dos Terrenos,FUNDIÁRIO_RI_REGULATÓRIO
DM/22650C-06-08-01,Interferências Terceiros,SERVIÇOS
DM/22650C-80,Viagem,VIAGEM
DM/22655C-03-01,Projeto conceitual,ENGENHARIA
DM/22655C-04-01,Projeto básico 2023,ENGENHARIA
DM/22655C-04-02,SMA 2023,SMA
DM/22655C-04-03,Diretos MRS 2023,ENGENHARIA
DM/22655C-05-01,Projeto executivo 2023,ENGENHARIA
DM/22655C-06-02,Indiretos MRS,INDIRETOS MRS
DM/22655C-06-03,Serviços,SERVIÇOS
DM/22655C-06-07-01,Gerenciamento/Fiscalização,INDIRETOS MRS
DM/22655C-06-08,Aquisição de itens IMOB/ZIMO - Rádios,SERVIÇOS
DM/22655C-06-94,OE e Serviços,OWNER'S ENGINEERING
DM/22655C-08,Pós projeto,SERVIÇOS
DM/22655C-80,Viagem,VIAGEM
DM/22655C-99-01,Capitalização de juros - IEA,CAPITALIZAÇÃO
DM/22657C-03-01,Projeto conceitual,ENGENHARIA
DM/22657C-04-02,Projeto básico,ENGENHARIA
DM/22657C-05-01,Projeto executivo,ENGENHARIA
DM/22657C-05-94,OE e Serviços,OWNER'S ENGINEERING
DM/22657C-06-04,Compra dos Terrenos,FUNDIÁRIO_RI_REGULATÓRIO
DM/22657C-80,Viagem,VIAGEM
DM/22658C-01,Mão de Obra,CUSTOS DO PROPRIETÁRIO
DM/22658C-02-01,9TL80H - Vdt S. André - Pátio,RATEIOS
DM/22658C-03-01,Projeto conceitual,ENGENHARIA
DM/22658C-04-01,SMA 2023,SMA
DM/22658C-05-01,Projeto executivo,ENGENHARIA
DM/22658C-06-01,Indiretos MRS 2023,INDIRETOS MRS
DM/22658C-06-02-02,Interferências Terceiros,SERVIÇOS
DM/22658C-06-04-01,Desapropriações,FUNDIÁRIO_RI_REGULATÓRIO
DM/22658C-06-07,Diretos MRS - Consultoria Reta,ENGENHARIA
DM/22658C-06-94,OE e Serviços,OWNER'S ENGINEERING
DM/22658C-80,Viagem,VIAGEM
DM/22658C-99-01,Capitalização de juros - IEA,CAPITALIZAÇÃO
DM/22667C-03-01,Projeto conceitual,ENGENHARIA
DM/22667C-04-01,Projeto básico 2023,ENGENHARIA
DM/22667C-04-02,SMA 2023,SMA
DM/22667C-05-01,Projeto executivo 2023,ENGENHARIA
DM/22667C-05-94,OE e Serviços,OWNER'S ENGINEERING
DM/22667C-06-01,Indiretos MRS 2023,INDIRETOS MRS
DM/22667C-06-06,Diretos MRS - Consultoria Reta,ENGENHARIA
DM/22667C-80,Viagem,VIAGEM
DM/22667C-99-01,Capitalização de juros - IEA,CAPITALIZAÇÃO
DM/23001C-06-02,Serviços de Execução,SERVIÇOS
DM/23001C-06-03,Gerenciamento / Fiscalização,INDIRETOS MRS
DM/23007C-05-01,Projeto executivo,ENGENHARIA
DM/23007C-06-01-01,"KM 297,596",SERVIÇOS
DM/23007C-06-01-02,"KM 298,031",SERVIÇOS
DM/23007C-06-04,Meio Ambiente,SMA
DM/23007C-80,Viagem,VIAGEM
DM/23008C-01,Mão de obra,CUSTOS DO PROPRIETÁRIO
DM/23008C-05-01,Projeto executivo,ENGENHARIA
DM/23008C-06-01,Serviços,SERVIÇOS
DM/23008C-06-02,Indiretos MRS,INDIRETOS MRS
DM/23008C-06-04,Meio Ambiente,SMA
DM/23008C-06-10,Interferências de Terceiros,SERVIÇOS
DM/23008C-80,Viagem,VIAGEM
DM/23037C-05-01,Projeto executivo,ENGENHARIA
DM/23037C-06-01,Serviços,SERVIÇOS
DM/23037C-06-01-01,"KM 292,244",SERVIÇOS
DM/23037C-06-01-02,"KM 293,252",SERVIÇOS
DM/23037C-06-01-03,"KM 293,316",SERVIÇOS
DM/23037C-06-01-04,"KM 293,403",SERVIÇOS
DM/23037C-06-01-05,"KM 293,810",SERVIÇOS
DM/23037C-06-02,Indiretos MRS,INDIRETOS MRS
DM/23037C-06-04,Meio Ambiente,SMA
DM/23037C-80,Viagem,VIAGEM
DM/23038C-05-01,Projeto executivo,ENGENHARIA
DM/23038C-06-01-01,"KM 286,38",SERVIÇOS
DM/23038C-06-01-02,"KM 286,823",SERVIÇOS
DM/23038C-06-01-03,"KM 289,187",SERVIÇOS
DM/23038C-06-01-04,"KM 291,14",SERVIÇOS
DM/23038C-06-02,Indiretos MRS,INDIRETOS MRS
DM/23038C-06-04,Meio Ambiente,SMA
DM/23038C-80,Viagem,VIAGEM
DM/23039C-01,Mão de obra,CUSTOS DO PROPRIETÁRIO
DM/23039C-05-01,Projeto executivo,ENGENHARIA
DM/23039C-06-01,Serviços,SERVIÇOS
DM/23039C-06-02,Indiretos MRS,INDIRETOS MRS
DM/23039C-06-04,Meio Ambiente,SMA
DM/23039C-06-05,Compra dos Terrenos,FUNDIÁRIO_RI_REGULATÓRIO
DM/23039C-80,Viagem,VIAGEM
DM/23040C-05-01,Projeto executivo,ENGENHARIA
DM/23040C-06-01,Serviços,SERVIÇOS
DM/23040C-06-04,Meio Ambiente,SMA
DM/23045C-03-01,Projeto conceitual,ENGENHARIA
DM/23045C-04-94,OE e Serviços,OWNER'S ENGINEERING
DM/23045C-05-01,Projeto executivo,ENGENHARIA
DM/23045C-80,Viagem,VIAGEM
DM/23095C-05,Projeto executivo,ENGENHARIA
DM/23095C-06-05,Meio Ambiente,SMA
DM/23095C-99-01,Capitalização de juros - IEA,CAPITALIZAÇÃO
DM/23096C-05,Projeto executivo,ENGENHARIA
DM/23097C-05,Projeto executivo,ENGENHARIA
DM/23097C-06-06,Meio Ambiente,SMA
DM/23097C-99-01,Capitalização de juros - IEA,CAPITALIZAÇÃO
DM/23099C-05,Projeto executivo,ENGENHARIA
DM/23099C-99-01,Capitalização de juros - IEA,CAPITALIZAÇÃO
DM/23101C-06-03,Serviços,SERVIÇOS
DM/23101C-06-04,Materiais,MATERIAIS
DM/23101C-99-01,Capitalização de juros - IEA,CAPITALIZAÇÃO
DM/23108C-05,Projeto executivo,ENGENHARIA
DM/24029C-05-02,SMA,SMA
FM/20003C-05-08,Verbas 2023,ENGENHARIA
FM/20456C-03-01-01,Infra e Superestrutura,ENGENHARIA
FM/20456C-03-01-04,Indiretos,INDIRETOS MRS
FM/20456C-03-01-06,SMA,SMA
FM/20456C-05-03,9UK103 - Licenciamento,ENGENHARIA
FM/20456C-05-04-01,Infra e Superestrutura,ENGENHARIA
FM/20456C-05-04-04,NÃO UTILIZAR,ENGENHARIA
FM/20456C-05-04-05,SMA,SMA
FM/20456C-05-94,OE e Serviços,OWNER'S ENGINEERING
FM/20456C-80,Viagem,VIAGEM
FM/20456C-99-01,Capitalização de juros - IEA,CAPITALIZAÇÃO
FM/21251C-01,Mão de Obra,CUSTOS DO PROPRIETÁRIO
FM/21251C-05-01,Projeto executivo 2023,ENGENHARIA
FM/21251C-05-02,Custos Indiretos 2023,INDIRETOS MRS
FM/21251C-05-03,SMA 2023,SMA
FM/21251C-06-01,2023 Fundiário,FUNDIÁRIO_RI_REGULATÓRIO
FM/21251C-06-04,AMVs,MATERIAIS
FM/21251C-06-06,Pátio Serviços de Execução,SERVIÇOS
FM/21251C-06-07,Gerenciamento / Fiscalização,INDIRETOS MRS
FM/21251C-06-08,Estoque - Obra,SERVIÇOS
FM/21251C-06-10,ATO (Apoio Técnico de Obra),INDIRETOS MRS
FM/21251C-06-11-01,Execução Superestrutura,SERVIÇOS
FM/21251C-06-14,Equipamentos de Suporte,EQUIPAMENTOS
FM/21251C-06-94,OE e Serviços,OWNER'S ENGINEERING
FM/21251C-80,Viagem,VIAGEM
FM/21251C-99-01,Capitalização de juros - IEA,CAPITALIZAÇÃO
FM/21253C-01,Mão de Obra,CUSTOS DO PROPRIETÁRIO
FM/21253C-05-01,Projeto Executivo 2023,ENGENHARIA
FM/21253C-05-02,Custos Indiretos 2023,INDIRETOS MRS
FM/21253C-05-03,SMA 2023,SMA
FM/21253C-06-01,2023 Fundiário,FUNDIÁRIO_RI_REGULATÓRIO
FM/21253C-06-04,AMVs,MATERIAIS
FM/21253C-06-06,Pátio Serviços de Execução,SERVIÇOS
FM/21253C-06-07,Gerenciamento / Fiscalização,INDIRETOS MRS
FM/21253C-06-10,ATO (Apoio Técnico de Obra),INDIRETOS MRS
FM/21253C-06-11-01,Execução Superestrutura,SERVIÇOS
FM/21253C-06-12,Interferências Terceiros,SERVIÇOS
FM/21253C-80,Viagem,VIAGEM
FM/21253C-99-01,Capitalização de Juros IEA,CAPITALIZAÇÃO
FM/22079C-01,Mão de Obra,CUSTOS DO PROPRIETÁRIO
FM/22079C-03-01,Projeto Conceitual 2023,ENGENHARIA
FM/22079C-04-94,OE e Serviços,OWNER'S ENGINEERING
FM/22079C-05-03,Custos Indiretos,INDIRETOS MRS
FM/22134C-01,Mão de Obra,CUSTOS DO PROPRIETÁRIO
FM/22134C-04-01,Projeto básico 2023,ENGENHARIA
FM/22134C-05-01,Projeto executivo 2023,ENGENHARIA
FM/22134C-05-02,SMA,SMA
FM/22134C-06-03-02,Materiais de EletroEletrônica,MATERIAIS
FM/22134C-06-07,ATO (Apoio Técnico de Obra),INDIRETOS MRS
FM/22134C-06-94,OE e Serviços,OWNER'S ENGINEERING
FM/22134C-99-01,Capitalização de juros - IEA,CAPITALIZAÇÃO
FM/22165C-06-02,Materiais - pep anulado,MATERIAIS
FM/22165C-06-03,Indiretos,INDIRETOS MRS
FM/22165C-06-04,Abrigo,EQUIPAMENTOS
FM/22165C-06-05,Roteador,EQUIPAMENTOS
FM/22165C-06-07,Estoque - Obra,SERVIÇOS
FM/22165C-06-10,Sinalização entre o Km 001+740-Km004+374,SERVIÇOS
FM/22165C-06-11,Equipamentos - ZIMO,EQUIPAMENTOS
FM/22165C-06-12,Materias,MATERIAIS
FM/22165C-06-13,Interferências EE,SERVIÇOS
FM/22165C-80,Viagem,VIAGEM
FM/22166C-01,Mão de obra,CUSTOS DO PROPRIETÁRIO
FM/22166C-06-03,Serviço,SERVIÇOS
FM/22166C-06-04,Equipamento,EQUIPAMENTOS
FM/22166C-06-06,Interferências,SERVIÇOS
FM/22166C-06-07,Materiais,MATERIAIS
FM/22166C-06-08,Abrigo,EQUIPAMENTOS
FM/22166C-80,Viagem,VIAGEM
FM/22167C-06-09,Interferências EE,SERVIÇOS
FM/22168C-05-94,OE e Serviços,OWNER'S ENGINEERING
FM/22168C-06-03,Indiretos,INDIRETOS MRS
FM/22168C-06-04,Abrigo,EQUIPAMENTOS
FM/22168C-06-10,Interferências EE,SERVIÇOS
FM/22168C-06-13,Materias,MATERIAIS
FM/22168C-80,Viagem,VIAGEM
FM/22175C-01,Mão de obra,CUSTOS DO PROPRIETÁRIO
FM/22175C-02-01,9VIE02 - Projeto conceitual,RATEIOS
FM/22175C-03-04,Levantamentos de Campo,ENGENHARIA
FM/22175C-03-08,Consultoria,ENGENHARIA
FM/22177C-01,Mão de Obra,CUSTOS DO PROPRIETÁRIO
FM/22177C-05-01-01,INFRA_SUPER,ENGENHARIA
FM/22177C-05-03,SMA,SMA
FM/22177C-06-01,2023 Fundiário,FUNDIÁRIO_RI_REGULATÓRIO
FM/22177C-06-01-01,Desapropriações,FUNDIÁRIO_RI_REGULATÓRIO
FM/22177C-06-03,Dormentes,MATERIAIS
FM/22177C-06-04,AMVs,MATERIAIS
FM/22177C-06-06,Pátio Serviços de Execução,SERVIÇOS
FM/22177C-06-07,Gerenciamento / Fiscalização,INDIRETOS MRS
FM/22177C-06-94,OE e Serviços,OWNER'S ENGINEERING
FM/22177C-80,Viagem,VIAGEM
FM/22177C-99-01,Capitalização de Juros IEA,CAPITALIZAÇÃO
FM/22178C-06-06-01,Execução Superestrutura,SERVIÇOS
FM/22178C-06-06-04,AMVs,MATERIAIS
FM/22179C-01,Mão de obra,CUSTOS DO PROPRIETÁRIO
FM/22179C-05-01-01,INFRA_SUPER,ENGENHARIA
FM/22179C-05-02,Custos Indiretos,INDIRETOS MRS
FM/22179C-05-03,SMA,SMA
FM/22179C-05-94,OE e Serviços,OWNER'S ENGINEERING
FM/22179C-06-01,Fundiário,FUNDIÁRIO_RI_REGULATÓRIO
FM/22179C-06-02,Pátio Serviços de Execução,SERVIÇOS
FM/22179C-06-03,Gerenciamento / Fiscalização,INDIRETOS MRS
FM/22179C-06-13,Eletro,SERVIÇOS
FM/22179C-80,Viagem,VIAGEM
FM/22179C-99-01,Capitalização de juros - IEA,CAPITALIZAÇÃO
FM/22180C-01,Mão de obra,CUSTOS DO PROPRIETÁRIO
FM/22180C-05-01-01,INFRA_SUPER,ENGENHARIA
FM/22180C-05-03,SMA,SMA
FM/22180C-05-94,OE e Serviços,OWNER'S ENGINEERING
FM/22180C-06-01,Fundiário,FUNDIÁRIO_RI_REGULATÓRIO
FM/22180C-06-02,Pátio Serviços de Execução,SERVIÇOS
FM/22180C-06-03,Gerenciamento / Fiscalização,INDIRETOS MRS
FM/22180C-80,Viagem,VIAGEM
FM/22180C-99-02,Capitalização de juros - IEA,CAPITALIZAÇÃO
FM/22181C-04-01-01,INFRA_SUPER,ENGENHARIA
FM/22181C-05-01-01,INFRA_SUPER,ENGENHARIA
FM/22181C-05-03,SMA,SMA
FM/22181C-05-94,OE e Serviços,OWNER'S ENGINEERING
FM/22181C-80,Viagem,VIAGEM
FM/22182C-04-01-01,INFRA_SUPER,ENGENHARIA
FM/22182C-05-01-01,INFRA_SUPER,ENGENHARIA
FM/22182C-05-94,OE e Serviços,OWNER'S ENGINEERING
FM/22182C-80,Viagem,VIAGEM
FM/22183C-01,Mão de Obra,CUSTOS DO PROPRIETÁRIO
FM/22183C-05-01-01,INFRA_SUPER,ENGENHARIA
FM/22183C-05-02,Custos Indiretos,INDIRETOS MRS
FM/22183C-05-03,SMA,SMA
FM/22183C-06-03,Dormentes,MATERIAIS
FM/22183C-06-04,AMVs,MATERIAIS
FM/22183C-06-06,Pátio Serviços de Execução,SERVIÇOS
FM/22183C-06-07,Gerenciamento / Fiscalização,INDIRETOS MRS
FM/22183C-08,Pós projeto,SERVIÇOS
FM/22183C-80,Viagem,VIAGEM
FM/22183C-99-01,Capitalização de Juros IEA,CAPITALIZAÇÃO
FM/22184C-01,Mão de Obra,CUSTOS DO PROPRIETÁRIO
FM/22184C-02,Seleção de alternativas,RATEIOS
FM/22184C-05-01-01,INFRA_SUPER,ENGENHARIA
FM/22184C-05-02,Custos Indiretos,INDIRETOS MRS
FM/22184C-05-03,SMA,SMA
FM/22184C-05-04,Interf e Negoc Imobiliárias,SERVIÇOS
FM/22184C-05-94,OE e Serviços,OWNER'S ENGINEERING
FM/22184C-06-02,Trilhos,MATERIAIS
FM/22184C-06-02-01,Trilhos (ajuste),MATERIAIS
FM/22184C-06-03,Dormentes,MATERIAIS
FM/22184C-06-04,AMVs,MATERIAIS
FM/22184C-06-06,Pátio Serviços de Execução,SERVIÇOS
FM/22184C-06-07,Gerenciamento / Fiscalização,INDIRETOS MRS
FM/22184C-06-08,Estoque - Obra,SERVIÇOS
FM/22184C-80,Viagem,VIAGEM
FM/22184C-99-01,Capitalização de juros - IEA,CAPITALIZAÇÃO
FM/22186C-05-01,Projeto Executivo 2023,ENGENHARIA
FM/22186C-05-02,Custos Indiretos 2023,INDIRETOS MRS
FM/22186C-05-03,SMA 2023,SMA
FM/22186C-06-04,AMVs,MATERIAIS
FM/22186C-06-10,ATO (Apoio Técnico de Obra),INDIRETOS MRS
FM/22253C-06-03,Serviço,SERVIÇOS
FM/22253C-06-04,Material,MATERIAIS
FM/22253C-06-05,Equipamento,EQUIPAMENTOS
FM/22253C-06-06,Indiretos,INDIRETOS MRS
FM/22253C-06-07,Interferências,SERVIÇOS
FM/22253C-06-08,Abrigo,EQUIPAMENTOS
FM/22253C-80,Viagem,VIAGEM
FM/23009C-04,Projeto básico,ENGENHARIA
FM/23009C-05-03,Custos Indiretos,INDIRETOS MRS
FM/25002C-06-01,OE e Serviços,OWNER'S ENGINEERING
FM/25002C-06-02,Execução Obra Emergencial,SERVIÇOS
FM/25002C-06-03,Ressarcimento TORA,SERVIÇOS
FM/25002C-06-04,Gerenciamento/Fiscalização,SERVIÇOS
FM/25002C-80,Viagem,VIAGEM
HM/25001C-05-01,INFRA_SUPER,ENGENHARIA
HM/25001C-05-04,Infra_Super,ENGENHARIA
HM/25001C-06-01-01-01,Píer Grãos,SERVIÇOS
HM/25001C-06-01-01-03,Armazém,SERVIÇOS
HM/25001C-06-01-01-04,Armazém (correto),SERVIÇOS
HM/25001C-06-01-01-05,Píer Grãos (correto),SERVIÇOS
HM/25001C-06-01-02-01,Vias e Acessos,SERVIÇOS
HM/25001C-06-01-02-02,Vias e Acessos (correto),SERVIÇOS
HM/25001C-06-03-06,Sistema de amostragem e balanças,EQUIPAMENTOS
HM/25001C-06-03-10,Equipamentos de Informática,EQUIPAMENTOS
HM/25001C-06-05,Gerenciamento/Fiscalização,INDIRETOS MRS
HM/25001C-06-06,Gerenciamento/Fiscalização (Correto),INDIRETOS MRS
HM/25001C-06-07-02-01,Subestação,SERVIÇOS
HM/25002C-06-01-01,Execução de Infraestrutura,SERVIÇOS
HM/25002C-06-01-02,Execução de Infraestrutura (correto),SERVIÇOS
HM/25002C-06-03-01,Compra de Terrenos,FUNDIÁRIO_RI_REGULATÓRIO
HM/25002C-06-03-01-01,Compra de Terreno (correto),FUNDIÁRIO_RI_REGULATÓRIO
HM/25002C-06-04,SMA,SMA
HM/25002C-06-04-01,SMA - Fechamento Contábil,SMA
HM/25002C-06-05,Gerenciamento/Fiscalização,INDIRETOS MRS
HM/25002C-06-06,Gerenciamento/Fiscalização (correto),INDIRETOS MRS
HM/25002C-06-07,Aquisição de Equipamentos,MATERIAIS
HM/26001C-06-02-01,"Terraplenagem, drenagem e vias",SERVIÇOS
HM/26001C-06-02-02,Moega e Tombadores,EQUIPAMENTOS
HM/26001C-06-02-03,Silos e Túneis,EQUIPAMENTOS
HM/26001C-06-02-04,Edificações,SERVIÇOS
HM/26001C-06-04-04,Silos Metálicos e Periféricos,EQUIPAMENTOS
HM/26001C-06-04-05,Sist. Pesagem (Balanças),EQUIPAMENTOS
HM/26001C-06-05-02,Painéis de Distribuição e CCMs,EQUIPAMENTOS
HM/26001C-06-07,Gerenciamento/Fiscalização,INDIRETOS MRS
HM/26001C-06-09,SMA,SMA
HM/26002C-05-01,INFRA_SUPER,ENGENHARIA
HM/26002C-06-01-01,Píer Grãos,SERVIÇOS
HM/26002C-06-01-03,Armazém,SERVIÇOS
HM/26002C-06-02-01,Vias e Acessos,SERVIÇOS
HM/26002C-06-04-02,Tulha Ferroviária,EQUIPAMENTOS
HM/26002C-06-04-03,Tombador,EQUIPAMENTOS
HM/26002C-06-04-04,Correias Transportadoras (píer>armazém),EQUIPAMENTOS
HM/26002C-06-04-06,Sistema de amostragem e balanças,EQUIPAMENTOS
HM/26002C-06-04-07,"Automação do tombador, silos e expedição",EQUIPAMENTOS
HM/26002C-06-06,Gerenciamento/Fiscalização,INDIRETOS MRS
HM/26002C-06-07-01,Infraestrutura,SERVIÇOS
HM/26002C-06-07-02-01,Subestação,SERVIÇOS
HM/26002C-06-07-03,Eletroeletrônica,SERVIÇOS
HM/26002C-06-07-04,Materiais,MATERIAIS
IM/20042C-06-01,Fundiário,FUNDIÁRIO_RI_REGULATÓRIO
IM/20043C-04-01-01,INFRA_SUPER,ENGENHARIA
IM/20043C-05-01,Projeto Executivo 2023,ENGENHARIA
IM/20043C-05-03,SMA,SMA
IM/20044C-01,Mão de Obra,CUSTOS DO PROPRIETÁRIO
IM/20044C-04-01-01,INFRA_SUPER,ENGENHARIA
IM/20044C-04-01-02,INSTALAÇÕES,ENGENHARIA
IM/20044C-05-01,Projeto Executivo 2023,ENGENHARIA
IM/20044C-05-02,Custos Indiretos,INDIRETOS MRS
IM/20044C-05-03,SMA,SMA
IM/20044C-05-94,OE e Serviços,OWNER'S ENGINEERING
IM/20044C-06-01,Fundiário,FUNDIÁRIO_RI_REGULATÓRIO
IM/20044C-06-02-01,Execução de Infraestrutura,SERVIÇOS
IM/20044C-80,Viagem,VIAGEM
IM/20044C-99-01,Capitalização de juros - IEA,CAPITALIZAÇÃO
IM/21146C-06-01,Serviços de execução,SERVIÇOS
IM/21146C-06-02,Gerenciamento / Fiscalização,INDIRETOS MRS
IM/21917C-01,Mão de Obra,CUSTOS DO PROPRIETÁRIO
IM/21917C-03-02-01,INFRA_SUPER,ENGENHARIA
IM/21917C-03-02-02,INSTALAÇÕES,ENGENHARIA
IM/21917C-04-01,Projeto Básico 2023,ENGENHARIA
IM/21917C-04-02-02,INSTALAÇÕES,ENGENHARIA
IM/21917C-04-02-03,ELETRO,ENGENHARIA
IM/21917C-05-01,Projeto Executivo 2023,ENGENHARIA
IM/21917C-05-02,SMA,SMA
IM/21917C-05-94,OE e Serviços,OWNER'S ENGINEERING
IM/21917C-80,Viagem,VIAGEM
IM/23003C-01,Mão de obra,CUSTOS DO PROPRIETÁRIO
IM/23003C-03-02-01,INSTALAÇÕES,ENGENHARIA
IM/23003C-05-01,INSTALAÇÕES,ENGENHARIA
IM/23003C-05-94,OE e Serviços,OWNER'S ENGINEERING
IM/23003C-06-01,Reforma/Ampliação da Edificação,SERVIÇOS
IM/23003C-06-02,Mobiliário,EQUIPAMENTOS
IM/23003C-06-03,Gerenciamento/Fiscalização,INDIRETOS MRS
IM/23003C-80,Viagem,VIAGEM
IM/25001C-05-02-01,INFRA_SUPER,ENGENHARIA
IM/25001C-05-04,Gerenciamento/Fiscalização,INDIRETOS MRS
IM/25001C-06-02-01,Execução de Infraestrutura,SERVIÇOS
IM/25001C-06-03-01,Execução de Eletroeletrônica,SERVIÇOS
IM/25001C-06-04,SMA,SMA
IM/25001C-06-05-02,Interferências EE,SERVIÇOS
IM/25001C-06-06,Gerenciamento/Fiscalização,INDIRETOS MRS
IM/25001C-06-07-01,Balança,EQUIPAMENTOS
IM/25001C-80,Viagens,VIAGEM
OF/20399C-05-03,Aquisição de Terreno,FUNDIÁRIO_RI_REGULATÓRIO
OF/21259C-04-02-01,INFRA_SUPER,ENGENHARIA
OF/21259C-04-04,SMA,SMA
OF/21259C-04-05,Fiscalização Projetos,INDIRETOS MRS
OF/21259C-05-02,Serviços de Execução,SERVIÇOS
OP/21967C-04-03,Serviços de Execução,SERVIÇOS
OP/23012C-04-01,Drenagem Execução das Obras,SERVIÇOS
OP/23012C-04-02,Fiscalização,INDIRETOS MRS
OP/23012C-04-03,Adequações vias de acesso,SERVIÇOS
PV/22007C-01,Mão de Obra,CUSTOS DO PROPRIETÁRIO
PV/22007C-02,Concepção,RATEIOS
PV/22007C-04-01-01,Trilhos,MATERIAIS
PV/22007C-04-01-02,Dormentes,MATERIAIS
PV/22007C-04-01-03,AMVs,MATERIAIS
PV/22007C-04-01-05,Serviços de Execução,SERVIÇOS
PV/22007C-04-02-01,Serviços de EletroEletrônica,SERVIÇOS
PV/22007C-04-02-02,Materiais de EletroEletrônica,MATERIAIS
PV/22007C-04-02-03,Itens IMOB - EletroEletrônica,SERVIÇOS
PV/22007C-04-03,Fiscalização,INDIRETOS MRS
PV/22007C-04-04-06,SMA,SMA
PV/22007C-04-05-05,Serviços de Execução,SERVIÇOS
PV/22007C-04-06-05,Serviços de Execução,SERVIÇOS
PV/22007C-04-07-03,AMVs,MATERIAIS
PV/22007C-04-07-05,Serviços de Execução,SERVIÇOS
PV/22007C-04-07-06,SMA,SMA
PV/22007C-04-09,Estoque - Obra,SERVIÇOS
PV/22007C-04-11,Aquisição de itens IMOB/ZIMO - Rádios,SERVIÇOS
PV/22007C-04-94,OE e Serviços,OWNER'S ENGINEERING
PV/22007C-80,Viagem,VIAGEM
PV/22007C-99-01,Capitalização de Juros IEA,CAPITALIZAÇÃO
